﻿Designator,Quantity,Value,Footprint,Package,MPN,DNP,Mount_Type,Description,Sim.Pins
"C1, C2, C3, C4, C5",5,C,C_0805_2012Metric,,,,smt,Unpolarized capacitor,
"D1, D2, D3, D4",4,LED,LED_0805_2012Metric,,,,smt,Light emitting diode,1=K 2=A
J1,1,DB25_Pins,DSUB-25_Pins_Vertical_P2.77x2.84mm_MountingHoles,,,,tht,"25-pin D-SUB connector, pins (male)",
"J10, J11, J12, J13, J14, J15, J16, J17, J18, J5, J6, J7, J8, J9",14,Conn_01x01,SolderWire-0.15sqmm_1x01_D0.5mm_OD1.5mm,,,,tht,"Generic connector, single row, 01x01, script generated (kicad-library-utils/schlib/autogen/connector/)",
J2,1,DC37_Pins_MountingHoles,DSUB-37_Pins_Vertical_P2.77x2.84mm_MountingHoles,,,,tht,"37-pin D-SUB connector, pins (male), Mounting Hole",
J3,1,Conn_02x32_Odd_Even,PinHeader_2x32_P2.54mm_Vertical,,,,tht,"Generic connector, double row, 02x32, odd/even pin numbering scheme (row 1 odd numbers, row 2 even numbers), script generated (kicad-library-utils/schlib/autogen/connector/)",
J4,1,Conn_01x02,PinHeader_1x02_P2.54mm_Horizontal,,,,tht,"Generic connector, single row, 01x02, script generated (kicad-library-utils/schlib/autogen/connector/)",
"R1, R10, R11, R12, R2, R3, R4, R5, R6, R7, R8, R9",12,R,R_0805_2012Metric,,,,smt,Resistor,
"U1, U2, U3",3,74LS541,SSOP-20_4.4x6.5mm_P0.65mm,,,,smt,8-bit Buffer/Line Driver 3-state outputs,
U4,1,MC79L05_SO8,SOIC-8_3.9x4.9mm_P1.27mm,,,,smt,"Negative 100mA -30V Linear Regulator, Fixed Output -5V, SO-8",
