﻿pos_x,pos_y,rotation,side,designator,mpn,pack,footprint,value,mount_type
136.5,-97.55,-90.0,top,C1,,,C_0805_2012Metric,C,smt
58.5,-92.0,-90.0,top,C2,,,C_0805_2012Metric,C,smt
66.5,-77.95,-90.0,top,C3,,,C_0805_2012Metric,C,smt
71.0,-70.55,90.0,top,C4,,,C_0805_2012Metric,C,smt
140.55,-79.0,180.0,top,C5,,,C_0805_2012Metric,C,smt
53.5,-63.3125,-90.0,top,D1,,,LED_0805_2012Metric,LED,smt
50.5,-63.3125,-90.0,top,D2,,,LED_0805_2012Metric,LED,smt
47.75,-63.3125,90.0,top,D3,,,LED_0805_2012Metric,LED,smt
45.0,-63.3125,90.0,top,D4,,,LED_0805_2012Metric,LED,smt
114.115,-112.16,0.0,top,J1,,,DSUB-25_Pins_Vertical_P2.77x2.84mm_MountingHoles,DB25_Pins,tht
37.14,-112.0,0.0,top,J2,,,DSUB-37_Pins_Vertical_P2.77x2.84mm_MountingHoles,DC37_Pins_MountingHoles,tht
174.15,-22.06,0.0,top,J3,,,PinHeader_2x32_P2.54mm_Vertical,Conn_02x32_Odd_Even,tht
42.615,-87.225,0.0,top,J4,,,PinHeader_1x02_P2.54mm_Horizontal,Conn_01x02,tht
139.0875,-43.5,0.0,top,R1,,,R_0805_2012Metric,R,smt
50.5,-67.1625,-90.0,top,R10,,,R_0805_2012Metric,R,smt
47.75,-67.1625,-90.0,top,R11,,,R_0805_2012Metric,R,smt
45.0,-67.0875,-90.0,top,R12,,,R_0805_2012Metric,R,smt
139.0875,-41.0,0.0,top,R2,,,R_0805_2012Metric,R,smt
139.0875,-38.5,0.0,top,R3,,,R_0805_2012Metric,R,smt
139.0875,-36.0,0.0,top,R4,,,R_0805_2012Metric,R,smt
139.0875,-33.5,0.0,top,R5,,,R_0805_2012Metric,R,smt
139.0875,-31.0,0.0,top,R6,,,R_0805_2012Metric,R,smt
139.0875,-28.5,0.0,top,R7,,,R_0805_2012Metric,R,smt
139.0875,-26.0,0.0,top,R8,,,R_0805_2012Metric,R,smt
53.5,-67.1625,-90.0,top,R9,,,R_0805_2012Metric,R,smt
64.0,-92.0,90.0,top,U1,,,SSOP-20_4.4x6.5mm_P0.65mm,74LS541,smt
142.125,-97.625,90.0,top,U2,,,SSOP-20_4.4x6.5mm_P0.65mm,74LS541,smt
140.25,-83.75,0.0,top,U3,,,SSOP-20_4.4x6.5mm_P0.65mm,74LS541,smt
64.0,-71.75,180.0,top,U4,,,SOIC-8_3.9x4.9mm_P1.27mm,MC79L05_SO8,smt
